ct,numero,k,hIni,hFin,nrCasas,tamIntervalo,percentual,primo1,primo2,sinal,percPrimosTopo
1,5,1,4,8,1,5,20.0000,29,31,-1,20.0000
2,7,1,8,20,2,13,="15.3846",="59",="61",1,="15.3846"
3,11,2,20,28,3,9,="33.3333",="137",="139",-1,="11.1111"
4,13,2,28,48,2,21,="9.5238",="179",="181",1,="4.7619"
5,17,3,48,60,4,13,="30.7692",="311",="313",-1,="7.6923"
6,19,3,60,88,10,29,="34.4828",="419",="421",1,="6.8966"
7,23,4,88,140,7,53,="13.2075",="569",="571",-1,="1.8868"
8,29,5,140,160,3,21,="14.2857",="857",="859",-1,="9.5238"
9,31,5,160,228,10,69,="14.4928",="1019",="1021",1,="2.8986"
10,37,6,228,280,10,53,="18.8679",="1427",="1429",1,="3.7736"
11,41,7,280,308,3,29,="10.3448",="1697",="1699",-1,="3.4483"
12,43,7,308,368,4,61,="6.5574",="1871",="1873",1,="1.6393"
13,47,8,368,468,5,101,="4.9505",="2237",="2239",-1,="0.9901"
14,53,9,468,580,27,113,="23.8938",="2969",="2971",-1,="2.6549"
15,59,10,580,620,8,41,="19.5122",="3527",="3529",-1,="2.4390"
16,61,10,620,748,8,129,="6.2016",="3767",="3769",1,="1.5504"
17,67,11,748,840,5,93,="5.3763",="4517",="4519",1,="2.1505"
18,71,12,840,888,10,49,="20.4082",="5099",="5101",-1,="4.0816"
19,73,12,888,1040,15,153,="9.8039",="5417",="5419",1,="0.6536"
20,79,13,1040,1148,5,109,="4.5872",="6269",="6271",1,="0.9174"
21,83,14,1148,1320,10,173,="5.7803",="6947",="6949",-1,="1.7341"
22,89,15,1320,1568,5,249,="2.0080",="7949",="7951",-1,="0.4016"
23,97,16,1568,1700,2,133,="1.5038",="9419",="9421",1,="0.7519"
24,101,17,1700,1768,12,69,="17.3913",="10271",="10273",-1,="1.4493"
25,103,17,1768,1908,17,141,="12.0567",="10709",="10711",1,="0.7092"
26,107,18,1908,1980,7,73,="9.5890",="11489",="11491",-1,="1.3699"
27,109,18,1980,2128,10,149,="6.7114",="11939",="11941",1,="0.6711"
28,113,19,2128,2688,9,561,="1.6043",="12821",="12823",-1,="0.1783"
29,127,21,2688,2860,2,173,="1.1561",="16139",="16141",1,="0.5780"
30,131,22,2860,3128,5,269,="1.8587",="17189",="17191",-1,="0.3717"
31,137,23,3128,3220,24,93,="25.8065",="18911",="18913",-1,="3.2258"
32,139,23,3220,3700,10,481,="2.0790",="19379",="19381",1,="0.2079"
33,149,25,3700,3800,12,101,="11.8812",="22271",="22273",-1,="1.9802"
34,151,25,3800,4108,10,309,="3.2362",="22859",="22861",1,="0.3236"
35,157,26,4108,4428,45,321,="14.0187",="24917",="24919",1,="0.9346"
36,163,27,4428,4648,19,221,="8.5973",="26681",="26683",1,="1.3575"
37,167,28,4648,4988,5,341,="1.4663",="27917",="27919",-1,="0.2933"
38,173,29,4988,5340,14,353,="3.9660",="30011",="30013",-1,="0.5666"
39,179,30,5340,5460,3,121,="2.4793",="32057",="32059",-1,="0.8264"
40,181,30,5460,6080,7,621,="1.1272",="32801",="32803",1,="0.3221"
41,191,32,6080,6208,8,129,="6.2016",="36527",="36529",-1,="0.7752"
42,193,32,6208,6468,10,261,="3.8314",="37307",="37309",1,="0.3831"
43,197,33,6468,6600,19,133,="14.2857",="38921",="38923",-1,="3.0075"
44,199,33,6600,7420,38,821,="4.6285",="39827",="39829",1,="0.2436"
45,211,35,7420,8288,2,869,="0.2301",="44531",="44533",1,="0.1151"
46,223,37,8288,8588,2,301,="0.6645",="49739",="49741",1,="0.3322"
47,227,38,8588,8740,32,153,="20.9150",="51719",="51721",-1,="1.3072"
48,229,38,8740,9048,17,309,="5.5016",="52541",="52543",1,="0.6472"
49,233,39,9048,9520,19,473,="4.0169",="54401",="54403",-1,="0.2114"
50,239,40,9520,9680,12,161,="7.4534",="57191",="57193",-1,="1.2422"
51,241,40,9680,10500,5,821,="0.6090",="58109",="58111",1,="0.2436"
52,251,42,10500,11008,5,509,="0.9823",="63029",="63031",-1,="0.1965"
53,257,43,11008,11528,10,521,="1.9194",="66107",="66109",-1,="0.1919"
54,263,44,11528,12060,4,533,="0.7505",="69191",="69193",-1,="0.1876"
55,269,45,12060,12240,18,181,="9.9448",="72467",="72469",-1,="1.6575"
56,271,45,12240,12788,28,549,="5.1002",="73607",="73609",1,="0.1821"
57,277,46,12788,13160,17,373,="4.5576",="76829",="76831",1,="0.2681"
58,281,47,13160,13348,3,189,="1.5873",="78977",="78979",-1,="0.5291"
59,283,47,13348,14308,10,961,="1.0406",="80147",="80149",1,="0.1041"
60,293,49,14308,15708,14,1401,="0.9993",="85931",="85933",-1,="0.1428"
61,307,51,15708,16120,10,413,="2.4213",="94307",="94309",1,="0.2421"
62,311,52,16120,16328,3,209,="1.4354",="96737",="96739",-1,="0.4785"
63,313,52,16328,16748,7,421,="1.6627",="98009",="98011",1,="0.2375"
64,317,53,16748,18260,5,1513,="0.3305",="100517",="100519",-1,="0.1322"
65,331,55,18260,18928,10,669,="1.4948",="109619",="109621",1,="0.1495"
66,337,56,18928,20068,9,1141,="0.7888",="113621",="113623",1,="0.0876"
67,347,58,20068,20300,47,233,="20.1717",="120689",="120691",-1,="0.8584"
68,349,58,20300,20768,25,469,="5.3305",="121949",="121951",1,="0.2132"
69,353,59,20768,21480,27,713,="3.7868",="124769",="124771",-1,="0.2805"
70,359,60,21480,22448,10,969,="1.0320",="128939",="128941",-1,="0.1032"
71,367,61,22448,23188,25,741,="3.3738",="134837",="134839",1,="0.2699"
72,373,62,23188,23940,12,753,="1.5936",="139199",="139201",1,="0.5312"
73,379,63,23940,24448,2,509,="0.3929",="143651",="143653",1,="0.1965"
74,383,64,24448,25220,34,773,="4.3984",="146891",="146893",-1,="0.5175"
75,389,65,25220,26268,3,1049,="0.2860",="151337",="151339",-1,="0.0953"
76,397,66,26268,26800,5,533,="0.9381",="157637",="157639",1,="0.1876"
77,401,67,26800,27880,13,1081,="1.2026",="160877",="160879",-1,="0.0925"
78,409,68,27880,29260,5,1381,="0.3621",="167309",="167311",1,="0.0724"
79,419,70,29260,29540,12,281,="4.2705",="175631",="175633",-1,="0.3559"
80,421,70,29540,30960,32,1421,="2.2519",="177431",="177433",1,="0.1407"
81,431,72,30960,31248,10,289,="3.4602",="185819",="185821",-1,="0.3460"
82,433,72,31248,32120,24,873,="2.7491",="187631",="187633",1,="0.2291"
83,439,73,32120,32708,28,589,="4.7538",="192887",="192889",1,="0.3396"
84,443,74,32708,33600,5,893,="0.5599",="196277",="196279",-1,="0.1120"
85,449,75,33600,34808,28,1209,="2.3160",="201767",="201769",-1,="0.2481"
86,457,76,34808,35420,7,613,="1.1419",="208889",="208891",1,="0.1631"
87,461,77,35420,35728,25,309,="8.0906",="212669",="212671",-1,="0.6472"
88,463,77,35728,36348,19,621,="3.0596",="214481",="214483",1,="0.3221"
89,467,78,36348,38240,55,1893,="2.9054",="218417",="218419",-1,="0.1057"
90,479,80,38240,39528,18,1289,="1.3964",="229547",="229549",-1,="0.1552"
91,487,81,39528,40180,87,653,="13.3231",="237689",="237691",1,="0.6126"
92,491,82,40180,41500,30,1321,="2.2710",="241259",="241261",-1,="0.2271"
93,499,83,41500,42168,22,669,="3.2885",="249131",="249133",1,="0.1495"
94,503,84,42168,43180,25,1013,="2.4679",="253157",="253159",-1,="0.1974"
95,509,85,43180,45240,7,2061,="0.3396",="259121",="259123",-1,="0.0485"
96,521,87,45240,45588,10,349,="2.8653",="271499",="271501",-1,="0.2865"
97,523,87,45588,48780,19,3193,="0.5951",="273641",="273643",1,="0.0626"
98,541,90,48780,49868,5,1089,="0.4591",="292709",="292711",1,="0.1837"
99,547,91,49868,51708,25,1841,="1.3580",="299357",="299359",1,="0.1086"
100,557,93,51708,52828,19,1121,="1.6949",="310361",="310363",-1,="0.1784"
101,563,94,52828,53960,20,1133,="1.7652",="317087",="317089",-1,="0.0883"
102,569,95,53960,54340,7,381,="1.8373",="323801",="323803",-1,="0.2625"
103,571,95,54340,55488,10,1149,="0.8703",="326099",="326101",1,="0.0870"
104,577,96,55488,57428,10,1941,="0.5152",="332987",="332989",1,="0.1030"
105,587,98,57428,58608,19,1181,="1.6088",="344681",="344683",-1,="0.1693"
106,593,99,58608,59800,14,1193,="1.1735",="351731",="351733",-1,="0.1676"
107,599,100,59800,60200,10,401,="2.4938",="358859",="358861",-1,="0.2494"
108,601,100,60200,61408,2,1209,="0.1654",="361211",="361213",1,="0.0827"
109,607,101,61408,62628,34,1221,="2.7846",="368651",="368653",1,="0.0819"
110,613,102,62628,63448,22,821,="2.6797",="375899",="375901",1,="0.1218"
111,617,103,63448,63860,25,413,="6.0533",="380837",="380839",-1,="0.4843"
112,619,103,63860,66360,10,2501,="0.3998",="383219",="383221",1,="0.0400"
113,631,105,66360,68480,30,2121,="1.4144",="398339",="398341",1,="0.1414"
114,641,107,68480,68908,20,429,="4.6620",="410999",="411001",-1,="0.2331"
115,643,107,68908,69768,39,861,="4.5296",="413681",="413683",1,="0.2323"
116,647,108,69768,71068,4,1301,="0.3075",="418631",="418633",-1,="0.0769"
117,653,109,71068,72380,24,1313,="1.8279",="426551",="426553",-1,="0.1523"
118,659,110,72380,72820,18,441,="4.0816",="434387",="434389",-1,="0.2268"
119,661,110,72820,75488,32,2669,="1.1990",="437111",="437113",1,="0.0749"
120,673,112,75488,76388,45,901,="4.9945",="453197",="453199",1,="0.3330"
121,677,113,76388,77748,12,1361,="0.8817",="458399",="458401",-1,="0.1470"
122,683,114,77748,79580,27,1833,="1.4730",="466649",="466651",-1,="0.2182"
123,691,115,79580,81900,12,2321,="0.5170",="477551",="477553",1,="0.0862"
124,701,117,81900,83780,17,1881,="0.9038",="491501",="491503",-1,="0.0532"
125,709,118,83780,86160,15,2381,="0.6300",="502769",="502771",1,="0.0420"
126,719,120,86160,88088,3,1929,="0.1555",="516977",="516979",-1,="0.0518"
127,727,121,88088,89548,17,1461,="1.1636",="528629",="528631",1,="0.0684"
128,733,122,89548,91020,19,1473,="1.2899",="537401",="537403",1,="0.0679"
129,739,123,91020,92008,5,989,="0.5056",="546149",="546151",1,="0.1011"
130,743,124,92008,94000,7,1993,="0.3512",="552089",="552091",-1,="0.0502"
131,751,125,94000,95508,10,1509,="0.6627",="564059",="564061",1,="0.0663"
132,757,126,95508,96520,10,1013,="0.9872",="573107",="573109",1,="0.0987"
133,761,127,96520,98560,13,2041,="0.6369",="579197",="579199",-1,="0.0490"
134,769,128,98560,99588,40,1029,="3.8873",="591599",="591601",1,="0.1944"
135,773,129,99588,103228,24,3641,="0.6592",="597671",="597673",-1,="0.0824"
136,787,131,103228,105868,62,2641,="2.3476",="619739",="619741",1,="0.1136"
137,797,133,105868,109080,7,3213,="0.2179",="635249",="635251",-1,="0.0622"
138,809,135,109080,109620,8,541,="1.4787",="654527",="654529",-1,="0.1848"
139,811,135,109620,112340,35,2721,="1.2863",="657929",="657931",1,="0.1103"
140,821,137,112340,112888,3,549,="0.5464",="674057",="674059",-1,="0.1821"
141,823,137,112888,113988,22,1101,="1.9982",="677459",="677461",1,="0.0908"
142,827,138,113988,114540,32,553,="5.7866",="684119",="684121",-1,="0.3617"
143,829,138,114540,117320,17,2781,="0.6113",="687341",="687343",1,="0.0360"
144,839,140,117320,121268,18,3949,="0.4558",="704027",="704029",-1,="0.0506"
145,853,142,121268,122408,45,1141,="3.9439",="727877",="727879",1,="0.1753"
146,857,143,122408,122980,4,573,="0.6981",="734471",="734473",-1,="0.1745"
147,859,143,122980,124128,8,1149,="0.6963",="737927",="737929",1,="0.1741"
148,863,144,124128,128188,70,4061,="1.7237",="745187",="745189",-1,="0.0985"
149,877,146,128188,129360,22,1173,="1.8755",="769259",="769261",1,="0.1705"
150,881,147,129360,129948,3,589,="0.5093",="776177",="776179",-1,="0.1698"
151,883,147,129948,131128,10,1181,="0.8467",="779747",="779749",1,="0.0847"
152,887,148,131128,137108,20,5981,="0.3344",="786887",="786889",-1,="0.0167"
153,907,151,137108,138320,4,1213,="0.3298",="822671",="822673",1,="0.0824"
154,911,152,138320,140760,65,2441,="2.6628",="830309",="830311",-1,="0.0819"
155,919,153,140760,143840,7,3081,="0.2272",="844601",="844603",1,="0.0325"
156,929,155,143840,146328,83,2489,="3.3347",="863537",="863539",-1,="0.1205"
157,937,156,146328,147580,9,1253,="0.7183",="878021",="878023",1,="0.0798"
158,941,157,147580,149468,12,1889,="0.6353",="885551",="885553",-1,="0.0529"
159,947,158,149468,151368,49,1901,="2.5776",="897101",="897103",-1,="0.1052"
160,953,159,151368,155848,35,4481,="0.7811",="908417",="908419",-1,="0.0669"
161,967,161,155848,157140,10,1293,="0.7734",="935147",="935149",1,="0.0773"
162,971,162,157140,159088,3,1949,="0.1539",="942857",="942859",-1,="0.1026"
163,977,163,159088,161048,50,1961,="2.5497",="954827",="954829",-1,="0.2550"
164,983,164,161048,163680,15,2633,="0.5697",="966377",="966379",-1,="0.0380"
165,991,165,163680,165668,3,1989,="0.1508",="982097",="982099",1,="0.0503"
166,997,166,165668,169680,10,4013,="0.2492",="994067",="994069",1,="0.0249"
167,1009,168,169680,171028,95,1349,="7.0423",="1018649",="1018651",1,="0.3706"
168,1013,169,171028,173060,5,2033,="0.2459",="1026197",="1026199",-1,="0.0492"
169,1019,170,173060,173740,40,681,="5.8737",="1038599",="1038601",-1,="0.1468"
170,1021,170,173740,177160,28,3421,="0.8185",="1042607",="1042609",1,="0.0292"
171,1031,172,177160,177848,3,689,="0.4354",="1062977",="1062979",-1,="0.1451"
172,1033,172,177848,179920,40,2073,="1.9296",="1067327",="1067329",1,="0.1930"
173,1039,173,179920,183400,25,3481,="0.7182",="1079669",="1079671",1,="0.0575"
174,1049,175,183400,184100,7,701,="0.9986",="1100441",="1100443",-1,="0.1427"
175,1051,175,184100,187620,10,3521,="0.2840",="1104659",="1104661",1,="0.0568"
176,1061,177,187620,188328,32,709,="4.5134",="1125911",="1125913",-1,="0.2821"
177,1063,177,188328,190460,77,2133,="3.6099",="1130429",="1130431",1,="0.2813"
178,1069,178,190460,196928,35,6469,="0.5410",="1142969",="1142971",1,="0.0309"
179,1087,181,196928,198380,22,1453,="1.5141",="1181699",="1181701",1,="0.0688"
180,1091,182,198380,199108,35,729,="4.8011",="1190489",="1190491",-1,="0.4115"
181,1093,182,199108,200568,14,1461,="0.9582",="1194731",="1194733",1,="0.0684"
182,1097,183,200568,202768,47,2201,="2.1354",="1203689",="1203691",-1,="0.3180"
183,1103,184,202768,204980,40,2213,="1.8075",="1216847",="1216849",-1,="0.0904"
184,1109,185,204980,207948,10,2969,="0.3368",="1229939",="1229941",-1,="0.1347"
185,1117,186,207948,210188,12,2241,="0.5355",="1247759",="1247761",1,="0.0892"
186,1123,187,210188,212440,22,2253,="0.9765",="1261259",="1261261",1,="0.0888"
187,1129,188,212440,220800,22,8361,="0.2631",="1274771",="1274773",1,="0.0239"
188,1151,192,220800,221568,25,769,="3.2510",="1324949",="1324951",-1,="0.3901"
189,1153,192,221568,225428,5,3861,="0.1295",="1329437",="1329439",1,="0.0518"
190,1163,194,225428,228540,5,3113,="0.1606",="1352597",="1352599",-1,="0.0321"
191,1171,195,228540,232460,57,3921,="1.4537",="1371581",="1371583",1,="0.0255"
192,1181,197,232460,234828,22,2369,="0.9287",="1394891",="1394893",-1,="0.0422"
193,1187,198,234828,237208,4,2381,="0.1680",="1408991",="1408993",-1,="0.0420"
194,1193,199,237208,240400,12,3193,="0.3758",="1423319",="1423321",-1,="0.0626"
195,1201,200,240400,245228,87,4829,="1.8016",="1442921",="1442923",1,="0.1242"
196,1213,202,245228,246848,7,1621,="0.4318",="1471409",="1471411",1,="0.0617"
197,1217,203,246848,249288,75,2441,="3.0725",="1481537",="1481539",-1,="0.1229"
198,1223,204,249288,251740,17,2453,="0.6930",="1495829",="1495831",-1,="0.0408"
199,1229,205,251740,252560,40,821,="4.8721",="1510679",="1510681",-1,="0.2436"
200,1231,205,252560,255028,60,2469,="2.4301",="1515719",="1515721",1,="0.0810"
201,1237,206,255028,260000,10,4973,="0.2011",="1530227",="1530229",1,="0.0201"
202,1249,208,260000,264180,8,4181,="0.1913",="1560047",="1560049",1,="0.0239"
203,1259,210,264180,271788,35,7609,="0.4600",="1585289",="1585291",-1,="0.0263"
204,1277,213,271788,272640,19,853,="2.2274",="1630841",="1630843",-1,="0.2345"
205,1279,213,272640,274348,22,1709,="1.2873",="1635971",="1635973",1,="0.1170"
206,1283,214,274348,276920,10,2573,="0.3887",="1646147",="1646149",-1,="0.0389"
207,1289,215,276920,277780,52,861,="6.0395",="1661831",="1661833",-1,="0.2323"
208,1291,215,277780,280368,8,2589,="0.3090",="1666727",="1666729",1,="0.0386"
209,1297,216,280368,282100,7,1733,="0.4039",="1682249",="1682251",1,="0.1154"
210,1301,217,282100,282968,38,869,="4.3728",="1692827",="1692829",-1,="0.3452"
211,1303,217,282968,284708,10,1741,="0.5744",="1697867",="1697869",1,="0.0574"
212,1307,218,284708,289960,27,5253,="0.5140",="1708409",="1708411",-1,="0.0381"
213,1319,220,289960,290840,18,881,="2.0431",="1739867",="1739869",-1,="0.2270"
214,1321,220,290840,293488,12,2649,="0.4530",="1745111",="1745113",1,="0.0755"
215,1327,221,293488,308720,29,15233,="0.1904",="1761101",="1761103",1,="0.0197"
216,1361,227,308720,311448,18,2729,="0.6596",="1852427",="1852429",-1,="0.0366"
217,1367,228,311448,314188,5,2741,="0.1824",="1868717",="1868719",-1,="0.0365"
218,1373,229,314188,317860,4,3673,="0.1089",="1885151",="1885153",-1,="0.0545"
219,1381,230,317860,326200,12,8341,="0.1439",="1907231",="1907233",1,="0.0240"
220,1399,233,326200,330880,17,4681,="0.3632",="1957301",="1957303",1,="0.0214"
221,1409,235,330880,337488,52,6609,="0.7868",="1985591",="1985593",-1,="0.0303"
222,1423,237,337488,339388,54,1901,="2.8406",="2025251",="2025253",1,="0.2104"
223,1427,238,339388,340340,2,953,="0.2099",="2036339",="2036341",-1,="0.1049"
224,1429,238,340340,342248,60,1909,="3.1430",="2042399",="2042401",1,="0.0524"
225,1433,239,342248,345120,22,2873,="0.7658",="2053619",="2053621",-1,="0.0696"
226,1439,240,345120,348968,13,3849,="0.3378",="2070797",="2070799",-1,="0.0260"
227,1447,241,348968,350900,50,1933,="2.5867",="2094107",="2094109",1,="0.1552"
228,1451,242,350900,351868,3,969,="0.3096",="2105417",="2105419",-1,="0.1032"
229,1453,242,351868,354780,17,2913,="0.5836",="2111309",="2111311",1,="0.0343"
230,1459,243,354780,360640,17,5861,="0.2901",="2128781",="2128783",1,="0.0171"
231,1471,245,360640,365560,7,4921,="0.1422",="2163881",="2163883",1,="0.0203"
232,1481,247,365560,366548,10,989,="1.0111",="2193419",="2193421",-1,="0.1011"
233,1483,247,366548,368528,4,1981,="0.2019",="2199311",="2199313",1,="0.0505"
234,1487,248,368528,369520,15,993,="1.5106",="2211257",="2211259",-1,="0.2014"
235,1489,248,369520,371508,62,1989,="3.1171",="2217491",="2217493",1,="0.2011"
236,1493,249,371508,374500,12,2993,="0.4009",="2229119",="2229121",-1,="0.0334"
237,1499,250,374500,380520,17,6021,="0.2823",="2247101",="2247103",-1,="0.0498"
238,1511,252,380520,386588,3,6069,="0.0494",="2283137",="2283139",-1,="0.0165"
239,1523,254,386588,390660,139,4073,="3.4127",="2320361",="2320363",-1,="0.1473"
240,1531,255,390660,396808,50,6149,="0.8131",="2344259",="2344261",1,="0.0325"
241,1543,257,396808,399900,39,3093,="1.2609",="2381081",="2381083",1,="0.0323"
242,1549,258,399900,401968,13,2069,="0.6283",="2399477",="2399479",1,="0.0483"
243,1553,259,401968,405080,10,3113,="0.3212",="2411867",="2411869",-1,="0.0642"
244,1559,260,405080,409248,42,4169,="1.0074",="2430731",="2430733",-1,="0.0240"
245,1567,261,409248,411340,4,2093,="0.1911",="2455511",="2455513",1,="0.0478"
246,1571,262,411340,415540,10,4201,="0.2380",="2468099",="2468101",-1,="0.0238"
247,1579,263,415540,417648,15,2109,="0.7112",="2493329",="2493331",1,="0.0474"
248,1583,264,417648,425068,17,7421,="0.2291",="2505989",="2505991",-1,="0.0135"
249,1597,266,425068,427200,10,2133,="0.4688",="2550467",="2550469",1,="0.0469"
250,1601,267,427200,430408,28,3209,="0.8725",="2563367",="2563369",-1,="0.0312"
251,1607,268,430408,431480,27,1073,="2.5163",="2582609",="2582611",-1,="0.0932"
252,1609,268,431480,433628,3,2149,="0.1396",="2588897",="2588899",1,="0.0465"
253,1613,269,433628,436860,40,3233,="1.2372",="2602007",="2602009",-1,="0.0619"
254,1619,270,436860,437940,35,1081,="3.2377",="2621369",="2621371",-1,="0.0925"
255,1621,270,437940,441188,10,3249,="0.3078",="2627699",="2627701",1,="0.0616"
256,1627,271,441188,446628,5,5441,="0.0919",="2647157",="2647159",1,="0.0551"
257,1637,273,446628,457608,17,10981,="0.1548",="2679869",="2679871",-1,="0.0182"
258,1657,276,457608,460928,47,3321,="1.4152",="2745929",="2745931",1,="0.0301"
259,1663,277,460928,463148,45,2221,="2.0261",="2765837",="2765839",1,="0.0900"
260,1667,278,463148,464260,4,1113,="0.3594",="2778911",="2778913",-1,="0.0898"
261,1669,278,464260,477708,3,13449,="0.0223",="2785577",="2785579",1,="0.0074"
262,1693,282,477708,479968,32,2261,="1.4153",="2866439",="2866441",1,="0.1327"
263,1697,283,479968,481100,17,1133,="1.5004",="2879909",="2879911",-1,="0.0883"
264,1699,283,481100,486780,50,5681,="0.8801",="2886899",="2886901",1,="0.0352"
265,1709,285,486780,493640,2,6861,="0.0292",="2920691",="2920693",-1,="0.0146"
266,1721,287,493640,494788,10,1149,="0.8703",="2961899",="2961901",-1,="0.0870"
267,1723,287,494788,500548,9,5761,="0.1562",="2968781",="2968783",1,="0.0174"
268,1733,289,500548,505180,17,4633,="0.3669",="3003389",="3003391",-1,="0.0432"
269,1741,290,505180,508668,75,3489,="2.1496",="3031529",="3031531",1,="0.0860"
270,1747,291,508668,512168,34,3501,="0.9712",="3052211",="3052213",1,="0.0571"
271,1753,292,512168,515680,10,3513,="0.2847",="3073067",="3073069",1,="0.0285"
272,1759,293,515680,526288,27,10609,="0.2545",="3094241",="3094243",1,="0.0189"
273,1777,296,526288,529848,44,3561,="1.2356",="3157991",="3157993",1,="0.0562"
274,1783,297,529848,532228,50,2381,="2.1000",="3179387",="3179389",1,="0.0840"
275,1787,298,532228,533420,17,1193,="1.4250",="3193469",="3193471",-1,="0.0838"
276,1789,298,533420,540600,10,7181,="0.1393",="3200579",="3200581",1,="0.0139"
277,1801,300,540600,546620,40,6021,="0.6643",="3243839",="3243841",1,="0.0332"
278,1811,302,546620,553888,85,7269,="1.1693",="3280229",="3280231",-1,="0.0275"
279,1823,304,553888,558760,39,4873,="0.8003",="3323561",="3323563",-1,="0.0205"
280,1831,305,558760,568568,25,9809,="0.2549",="3352709",="3352711",1,="0.0102"
281,1847,308,568568,577220,44,8653,="0.5085",="3411671",="3411673",-1,="0.0347"
282,1861,310,577220,580948,32,3729,="0.8581",="3463511",="3463513",1,="0.0805"
283,1867,311,580948,583440,55,2493,="2.2062",="3486017",="3486019",1,="0.1203"
284,1871,312,583440,584688,8,1249,="0.6405",="3500687",="3500689",-1,="0.1601"
285,1873,312,584688,587188,25,2501,="0.9996",="3508277",="3508279",1,="0.0400"
286,1877,313,587188,588440,30,1253,="2.3943",="3523307",="3523309",-1,="0.3192"
287,1879,313,588440,594720,5,6281,="0.0796",="3530669",="3530671",1,="0.0159"
288,1889,315,594720,602300,77,7581,="1.0157",="3568781",="3568783",-1,="0.0396"
289,1901,317,602300,606108,32,3809,="0.8401",="3613991",="3613993",-1,="0.0525"
290,1907,318,606108,609928,22,3821,="0.5758",="3636779",="3636781",-1,="0.0785"
291,1913,319,609928,621460,10,11533,="0.0867",="3659627",="3659629",-1,="0.0087"
292,1931,322,621460,622748,17,1289,="1.3189",="3728861",="3728863",-1,="0.0776"
293,1933,322,622748,633100,9,10353,="0.0869",="3736541",="3736543",1,="0.0193"
294,1949,325,633100,634400,5,1301,="0.3843",="3798629",="3798631",-1,="0.0769"
295,1951,325,634400,648788,40,14389,="0.2780",="3806639",="3806641",1,="0.0069"
296,1973,329,648788,652740,4,3953,="0.1012",="3892751",="3892753",-1,="0.0253"
297,1979,330,652740,658028,33,5289,="0.6239",="3916637",="3916639",-1,="0.0189"
298,1987,331,658028,662008,19,3981,="0.4773",="3948281",="3948283",1,="0.0251"
299,1993,332,662008,664668,49,2661,="1.8414",="3972341",="3972343",1,="0.1879"
300,1997,333,664668,666000,40,1333,="3.0008",="3988247",="3988249",-1,="0.1500"
301,1999,333,666000,668668,13,2669,="0.4871",="3996077",="3996079",1,="0.0375"
302,2003,334,668668,674020,10,5353,="0.1868",="4012067",="4012069",-1,="0.0187"
303,2011,335,674020,678048,35,4029,="0.8687",="4044329",="4044331",1,="0.0496"
304,2017,336,678048,684788,7,6741,="0.1038",="4068329",="4068331",1,="0.0148"
305,2027,338,684788,686140,27,1353,="1.9956",="4108889",="4108891",-1,="0.1478"
306,2029,338,686140,692920,25,6781,="0.3687",="4116989",="4116991",1,="0.0295"
307,2039,340,692920,702468,35,9549,="0.3665",="4157729",="4157731",-1,="0.0314"
308,2053,342,702468,709328,14,6861,="0.2041",="4214891",="4214893",1,="0.0146"
309,2063,344,709328,713460,69,4133,="1.6695",="4256381",="4256383",-1,="0.1210"
310,2069,345,713460,721760,48,8301,="0.5782",="4281047",="4281049",-1,="0.0120"
311,2081,347,721760,723148,17,1389,="1.2239",="4330661",="4330663",-1,="0.0720"
312,2083,347,723148,725928,50,2781,="1.7979",="4339187",="4339189",1,="0.0719"
313,2087,348,725928,727320,44,1393,="3.1587",="4355831",="4355833",-1,="0.0718"
314,2089,348,727320,734300,10,6981,="0.1432",="4363979",="4363981",1,="0.0143"
315,2099,350,734300,742720,5,8421,="0.0594",="4405829",="4405831",-1,="0.0119"
316,2111,352,742720,744128,8,1409,="0.5678",="4456367",="4456369",-1,="0.0710"
317,2113,352,744128,755440,12,11313,="0.1061",="4464839",="4464841",1,="0.0088"
318,2129,355,755440,756860,52,1421,="3.6594",="4532951",="4532953",-1,="0.2111"
319,2131,355,756860,761128,53,4269,="1.2415",="4541477",="4541479",1,="0.0468"
320,2137,356,761128,763980,17,2853,="0.5959",="4566869",="4566871",1,="0.0351"
321,2141,357,763980,765408,40,1429,="2.7992",="4584119",="4584121",-1,="0.2099"
322,2143,357,765408,772568,12,7161,="0.1676",="4592519",="4592521",1,="0.0140"
323,2153,359,772568,778320,5,5753,="0.0869",="4635437",="4635439",-1,="0.0174"
324,2161,360,778320,791340,7,13021,="0.0538",="4669961",="4669963",1,="0.0077"
325,2179,363,791340,808868,28,17529,="0.1597",="4748207",="4748209",1,="0.0114"
326,2203,367,808868,811808,45,2941,="1.5301",="4853477",="4853479",1,="0.1360"
327,2207,368,811808,816228,99,4421,="2.2393",="4871441",="4871443",-1,="0.0679"
328,2213,369,816228,822140,2,5913,="0.0338",="4897379",="4897381",-1,="0.0169"
329,2221,370,822140,834028,7,11889,="0.0589",="4932881",="4932883",1,="0.0084"
330,2237,373,834028,835520,39,1493,="2.6122",="5004401",="5004403",-1,="0.1340"
331,2239,373,835520,838508,3,2989,="0.1004",="5013137",="5013139",1,="0.0335"
332,2243,374,838508,844500,34,5993,="0.5673",="5031251",="5031253",-1,="0.0334"
333,2251,375,844500,856548,20,12049,="0.1660",="5067119",="5067121",1,="0.0083"
334,2267,378,856548,858060,10,1513,="0.6609",="5139347",="5139349",-1,="0.0661"
335,2269,378,858060,861088,23,3029,="0.7593",="5148497",="5148499",1,="0.0330"
336,2273,379,861088,867160,20,6073,="0.3293",="5166647",="5166649",-1,="0.0329"
337,2281,380,867160,871728,2,4569,="0.0438",="5202971",="5202973",1,="0.0219"
338,2287,381,871728,876308,5,4581,="0.1091",="5230397",="5230399",1,="0.0218"
339,2293,382,876308,879368,17,3061,="0.5554",="5257949",="5257951",1,="0.0653"
340,2297,383,879368,888580,9,9213,="0.0977",="5276261",="5276263",-1,="0.0109"
341,2309,385,888580,890120,23,1541,="1.4925",="5331617",="5331619",-1,="0.1947"
342,2311,385,890120,907148,67,17029,="0.3934",="5341121",="5341123",1,="0.0059"
343,2333,389,907148,911820,47,4673,="1.0058",="5443169",="5443171",-1,="0.0214"
344,2339,390,911820,913380,7,1561,="0.4484",="5470961",="5470963",-1,="0.0641"
345,2341,390,913380,918068,17,4689,="0.3626",="5480381",="5480383",1,="0.0213"
346,2347,391,918068,921200,24,3133,="0.7660",="5508551",="5508553",1,="0.0638"
347,2351,392,921200,925908,7,4709,="0.1487",="5527241",="5527243",-1,="0.0425"
348,2357,393,925908,936940,10,11033,="0.0906",="5555507",="5555509",-1,="0.0091"
349,2371,395,936940,941688,73,4749,="1.5372",="5622077",="5622079",1,="0.0632"
350,2377,396,941688,944860,10,3173,="0.3152",="5650187",="5650189",1,="0.1261"
351,2381,397,944860,946448,63,1589,="3.9648",="5669537",="5669539",-1,="0.3147"
352,2383,397,946448,951220,57,4773,="1.1942",="5679029",="5679031",1,="0.0210"
353,2389,398,951220,954408,13,3189,="0.4077",="5707397",="5707399",1,="0.0627"
354,2393,399,954408,959200,12,4793,="0.2504",="5726519",="5726521",-1,="0.0209"
355,2399,400,959200,968820,63,9621,="0.6548",="5755577",="5755579",-1,="0.0312"
356,2411,402,968820,973648,10,4829,="0.2071",="5812979",="5812981",-1,="0.0207"
357,2417,403,973648,978488,17,4841,="0.3512",="5841989",="5841991",-1,="0.0620"
358,2423,404,978488,989828,39,11341,="0.3439",="5871161",="5871163",-1,="0.0176"
359,2437,406,989828,993080,35,3253,="1.0759",="5939177",="5939179",1,="0.1230"
360,2441,407,993080,997968,45,4889,="0.9204",="5958749",="5958751",-1,="0.0205"
361,2447,408,997968,1007780,15,9813,="0.1529",="5987897",="5987899",-1,="0.0204"
362,2459,410,1007780,1014348,12,6569,="0.1827",="6046751",="6046753",-1,="0.0152"
363,2467,411,1014348,1019288,32,4941,="0.6476",="6086279",="6086281",1,="0.0202"
364,2473,412,1019288,1022588,24,3301,="0.7271",="6115871",="6115873",1,="0.0303"
365,2477,413,1022588,1044168,60,21581,="0.2780",="6135887",="6135889",-1,="0.0093"
366,2503,417,1044168,1059240,87,15073,="0.5772",="6265529",="6265531",1,="0.0265"
367,2521,420,1059240,1067660,12,8421,="0.1425",="6355511",="6355513",1,="0.0238"
368,2531,422,1067660,1074420,25,6761,="0.3698",="6406109",="6406111",-1,="0.0444"
369,2539,423,1074420,1077808,12,3389,="0.3541",="6446591",="6446593",1,="0.0590"
370,2543,424,1077808,1082900,64,5093,="1.2566",="6467231",="6467233",-1,="0.0589"
371,2549,425,1082900,1084600,68,1701,="3.9976",="6497807",="6497809",-1,="0.2939"
372,2551,425,1084600,1089708,60,5109,="1.1744",="6507959",="6507961",1,="0.0391"
373,2557,426,1089708,1108540,35,18833,="0.1858",="6538457",="6538459",1,="0.0159"
374,2579,430,1108540,1118880,13,10341,="0.1257",="6651317",="6651319",-1,="0.0097"
375,2591,432,1118880,1120608,7,1729,="0.4049",="6713321",="6713323",-1,="0.0578"
376,2593,432,1120608,1134480,187,13873,="1.3479",="6724769",="6724771",1,="0.0216"
377,2609,435,1134480,1141448,43,6969,="0.6170",="6807137",="6807139",-1,="0.0287"
378,2617,436,1141448,1144940,17,3493,="0.4867",="6848789",="6848791",1,="0.0573"
379,2621,437,1144940,1155448,17,10509,="0.1618",="6869741",="6869743",-1,="0.0190"
380,2633,439,1155448,1167768,37,12321,="0.3003",="6932909",="6932911",-1,="0.0162"
381,2647,441,1167768,1176608,65,8841,="0.7352",="7006997",="7006999",1,="0.0339"
382,2657,443,1176608,1178380,15,1773,="0.8460",="7059737",="7059739",-1,="0.1128"
383,2659,443,1178380,1181928,77,3549,="2.1696",="7070741",="7070743",1,="0.0282"
384,2663,444,1181928,1189040,19,7113,="0.2671",="7091681",="7091683",-1,="0.0422"
385,2671,445,1189040,1194388,83,5349,="1.5517",="7134737",="7134739",1,="0.0187"
386,2677,446,1194388,1199748,22,5361,="0.4104",="7166459",="7166461",1,="0.0373"
387,2683,447,1199748,1203328,34,3581,="0.9495",="7198691",="7198693",1,="0.0559"
388,2687,448,1203328,1205120,24,1793,="1.3385",="7220111",="7220113",-1,="0.1115"
389,2689,448,1205120,1208708,23,3589,="0.6408",="7230857",="7230859",1,="0.0279"
390,2693,449,1208708,1214100,27,5393,="0.5006",="7252409",="7252411",-1,="0.0371"
391,2699,450,1214100,1221308,8,7209,="0.1110",="7284647",="7284649",-1,="0.0139"
392,2707,451,1221308,1224920,29,3613,="0.8027",="7328021",="7328023",1,="0.0554"
393,2711,452,1224920,1226728,15,1809,="0.8292",="7349609",="7349611",-1,="0.0553"
394,2713,452,1226728,1232160,17,5433,="0.3129",="7360469",="7360471",1,="0.0184"
395,2719,453,1232160,1241240,22,9081,="0.2423",="7393091",="7393093",1,="0.0330"
396,2729,455,1241240,1243060,10,1821,="0.5491",="7447499",="7447501",-1,="0.1098"
397,2731,455,1243060,1252180,10,9121,="0.1096",="7458419",="7458421",1,="0.0110"
398,2741,457,1252180,1259500,10,7321,="0.1366",="7513139",="7513141",-1,="0.0273"
399,2749,458,1259500,1263168,5,3669,="0.1363",="7557029",="7557031",1,="0.0273"
400,2753,459,1263168,1276048,17,12881,="0.1320",="7579109",="7579111",-1,="0.0155"
401,2767,461,1276048,1285288,35,9241,="0.3787",="7656497",="7656499",1,="0.0108"
402,2777,463,1285288,1296420,15,11133,="0.1347",="7711817",="7711819",-1,="0.0180"
403,2789,465,1296420,1298280,12,1861,="0.6448",="7778591",="7778593",-1,="0.0537"
404,2791,465,1298280,1303868,10,5589,="0.1789",="7789739",="7789741",1,="0.0358"
405,2797,466,1303868,1307600,5,3733,="0.1339",="7823237",="7823239",1,="0.0268"
406,2801,467,1307600,1309468,32,1869,="1.7121",="7845791",="7845793",-1,="0.0535"
407,2803,467,1309468,1324460,17,14993,="0.1134",="7856909",="7856911",1,="0.0067"
408,2819,470,1324460,1337648,28,13189,="0.2123",="7946927",="7946929",-1,="0.0076"
409,2833,472,1337648,1341428,35,3781,="0.9257",="8026097",="8026099",1,="0.0529"
410,2837,473,1341428,1347108,10,5681,="0.1760",="8048627",="8048629",-1,="0.0176"
411,2843,474,1347108,1354700,17,7593,="0.2239",="8082749",="8082751",-1,="0.0263"
412,2851,475,1354700,1360408,52,5709,="0.9108",="8128511",="8128513",1,="0.0175"
413,2857,476,1360408,1364220,7,3813,="0.1836",="8162489",="8162491",1,="0.0525"
414,2861,477,1364220,1381440,83,17221,="0.4820",="8185817",="8185819",-1,="0.0174"
415,2879,480,1381440,1389128,43,7689,="0.5592",="8288897",="8288899",-1,="0.0130"
416,2887,481,1389128,1398768,55,9641,="0.5705",="8335097",="8335099",1,="0.0415"
417,2897,483,1398768,1404568,35,5801,="0.6033",="8392817",="8392819",-1,="0.0172"
418,2903,484,1404568,1410380,5,5813,="0.0860",="8427437",="8427439",-1,="0.0172"
419,2909,485,1410380,1418148,15,7769,="0.1931",="8462369",="8462371",-1,="0.0129"
420,2917,486,1418148,1427888,94,9741,="0.9650",="8509451",="8509453",1,="0.0308"
421,2927,488,1427888,1439620,44,11733,="0.3750",="8567591",="8567593",-1,="0.0085"
422,2939,490,1439620,1453368,103,13749,="0.7491",="8638337",="8638339",-1,="0.0436"
423,2953,492,1453368,1457308,37,3941,="0.9388",="8720429",="8720431",1,="0.0254"
424,2957,493,1457308,1463228,39,5921,="0.6587",="8744081",="8744083",-1,="0.0338"
425,2963,494,1463228,1469160,85,5933,="1.4327",="8779877",="8779879",-1,="0.1180"
426,2969,495,1469160,1471140,58,1981,="2.9278",="8815307",="8815309",-1,="0.1010"
427,2971,495,1471140,1499000,18,27861,="0.0646",="8826947",="8826949",1,="0.0036"
428,2999,500,1499000,1501000,17,2001,="0.8496",="8994101",="8994103",-1,="0.1000"
429,3001,500,1501000,1511020,33,10021,="0.3293",="9006197",="9006199",1,="0.0100"
430,3011,502,1511020,1519060,2,8041,="0.0249",="9066131",="9066133",-1,="0.0124"
431,3019,503,1519060,1523088,47,4029,="1.1665",="9114641",="9114643",1,="0.0745"
432,3023,504,1523088,1537228,10,14141,="0.0707",="9138587",="9138589",-1,="0.0071"
433,3037,506,1537228,1541280,10,4053,="0.2467",="9223427",="9223429",1,="0.0247"
434,3041,507,1541280,1549400,10,8121,="0.1231",="9247739",="9247741",-1,="0.0123"
435,3049,508,1549400,1561620,27,12221,="0.2209",="9296561",="9296563",1,="0.0245"
436,3061,510,1561620,1567748,40,6129,="0.6526",="9369959",="9369961",1,="0.0489"
437,3067,511,1567748,1580040,4,12293,="0.0325",="9406511",="9406513",1,="0.0081"
438,3079,513,1580040,1584148,7,4109,="0.1704",="9480281",="9480283",1,="0.0243"
439,3083,514,1584148,1590320,10,6173,="0.1620",="9504947",="9504949",-1,="0.0162"
440,3089,515,1590320,1610980,5,20661,="0.0242",="9541949",="9541951",-1,="0.0048"
441,3109,518,1610980,1621360,63,10381,="0.6069",="9666257",="9666259",1,="0.0289"
442,3119,520,1621360,1623440,17,2081,="0.8169",="9728261",="9728263",-1,="0.0481"
443,3121,520,1623440,1640128,38,16689,="0.2277",="9740867",="9740869",1,="0.0060"
444,3137,523,1640128,1667428,42,27301,="0.1538",="9841019",="9841021",-1,="0.0037"
445,3163,527,1667428,1671648,10,4221,="0.2369",="10004627",="10004629",1,="0.0237"
446,3167,528,1671648,1673760,144,2113,="6.8150",="10030751",="10030753",-1,="0.3786"
447,3169,528,1673760,1686460,33,12701,="0.2598",="10042757",="10042759",1,="0.0079"
448,3181,530,1686460,1692828,13,6369,="0.2041",="10118837",="10118839",1,="0.0157"
449,3187,531,1692828,1697080,20,4253,="0.4703",="10157087",="10157089",1,="0.0235"
450,3191,532,1697080,1709868,18,12789,="0.1407",="10182587",="10182589",-1,="0.0078"
451,3203,534,1709868,1716280,22,6413,="0.3431",="10259339",="10259341",-1,="0.0312"
452,3209,535,1716280,1724848,13,8569,="0.1517",="10297757",="10297759",-1,="0.0117"
453,3217,536,1724848,1729140,17,4293,="0.3960",="10349189",="10349191",1,="0.0233"
454,3221,537,1729140,1737740,10,8601,="0.1163",="10374899",="10374901",-1,="0.0116"
455,3229,538,1737740,1761500,43,23761,="0.1810",="10426697",="10426699",1,="0.0084"
456,3251,542,1761500,1763668,32,2169,="1.4753",="10569191",="10569193",-1,="0.0461"
457,3253,542,1763668,1768008,12,4341,="0.2764",="10582079",="10582081",1,="0.0461"
458,3257,543,1768008,1770180,45,2173,="2.0709",="10608317",="10608319",-1,="0.0920"
459,3259,543,1770180,1783240,13,13061,="0.0995",="10621157",="10621159",1,="0.0077"
460,3271,545,1783240,1813900,35,30661,="0.1142",="10699649",="10699651",1,="0.0033"
461,3299,550,1813900,1816100,98,2201,="4.4525",="10883987",="10883989",-1,="0.1817"
462,3301,550,1816100,1822708,3,6609,="0.0454",="10896617",="10896619",1,="0.0151"
463,3307,551,1822708,1829328,32,6621,="0.4833",="10936439",="10936441",1,="0.0453"
464,3313,552,1829328,1835960,24,6633,="0.3618",="10976111",="10976113",1,="0.0151"
465,3319,553,1835960,1840388,33,4429,="0.7451",="11015957",="11015959",1,="0.0452"
466,3323,554,1840388,1847040,49,6653,="0.7365",="11042621",="11042623",-1,="0.0150"
467,3329,555,1847040,1849260,22,2221,="0.9905",="11082371",="11082373",-1,="0.0900"
468,3331,555,1849260,1862608,30,13349,="0.2247",="11095739",="11095741",1,="0.0150"
469,3343,557,1862608,1867068,19,4461,="0.4259",="11175761",="11175763",1,="0.0224"
470,3347,558,1867068,1880480,14,13413,="0.1044",="11202491",="11202493",-1,="0.0224"
471,3359,560,1880480,1882720,25,2241,="1.1156",="11283029",="11283031",-1,="0.1339"
472,3361,560,1882720,1893940,2,11221,="0.0178",="11296331",="11296333",1,="0.0089"
473,3371,562,1893940,1896188,8,2249,="0.3557",="11363687",="11363689",-1,="0.0889"
474,3373,562,1896188,1914220,39,18033,="0.2163",="11377361",="11377363",1,="0.0111"
475,3389,565,1914220,1916480,10,2261,="0.4423",="11485379",="11485381",-1,="0.0442"
476,3391,565,1916480,1934608,5,18129,="0.0276",="11498909",="11498911",1,="0.0055"
477,3407,568,1934608,1941428,49,6821,="0.7184",="11607941",="11607943",-1,="0.0147"
478,3413,569,1941428,1964248,57,22821,="0.2498",="11648909",="11648911",-1,="0.0044"
479,3433,572,1964248,1982600,27,18353,="0.1471",="11785649",="11785651",1,="0.0218"
480,3449,575,1982600,1991808,78,9209,="0.8470",="11896067",="11896069",-1,="0.0543"
481,3457,576,1991808,1996420,10,4613,="0.2168",="11950907",="11950909",1,="0.0434"
482,3461,577,1996420,1998728,10,2309,="0.4331",="11978579",="11978581",-1,="0.0433"
483,3463,577,1998728,2003348,42,4621,="0.9089",="11992619",="11992621",1,="0.0433"
484,3467,578,2003348,2005660,49,2313,="2.1185",="12020381",="12020383",-1,="0.0432"
485,3469,578,2005660,2031180,32,25521,="0.1254",="12034151",="12034153",1,="0.0078"
486,3491,582,2031180,2040500,22,9321,="0.2360",="12187211",="12187213",-1,="0.0215"
487,3499,583,2040500,2054520,38,14021,="0.2710",="12243227",="12243229",1,="0.0071"
488,3511,585,2054520,2061548,17,7029,="0.2419",="12327221",="12327223",1,="0.0142"
489,3517,586,2061548,2073288,10,11741,="0.0852",="12369347",="12369349",1,="0.0085"
490,3527,588,2073288,2075640,25,2353,="1.0625",="12439877",="12439879",-1,="0.0425"
491,3529,588,2075640,2080348,105,4709,="2.2298",="12454469",="12454471",1,="0.0425"
492,3533,589,2080348,2087420,19,7073,="0.2686",="12482201",="12482203",-1,="0.0283"
493,3539,590,2087420,2089780,62,2361,="2.6260",="12524891",="12524893",-1,="0.1694"
494,3541,590,2089780,2096868,25,7089,="0.3527",="12538829",="12538831",1,="0.0141"
495,3547,591,2096868,2108708,22,11841,="0.1858",="12581339",="12581341",1,="0.0084"
496,3557,593,2108708,2111080,14,2373,="0.5900",="12652331",="12652333",-1,="0.0843"
497,3559,593,2111080,2125340,90,14261,="0.6311",="12667019",="12667021",1,="0.0140"
498,3571,595,2125340,2137260,53,11921,="0.4446",="12752357",="12752359",1,="0.0084"
499,3581,597,2137260,2139648,8,2389,="0.3349",="12823607",="12823609",-1,="0.0419"
500,3583,597,2139648,2151608,10,11961,="0.0836",="12837947",="12837949",1,="0.0084"

